id,template,question,note
1301,T2_partner_ja,スタンダードで《黙示録、シェオルドレッド》と一緒に入るカードは？,"card=Sheoldred, the Apocalypse"
1302,T3_edh_partner,統率者戦で《運命の大嵐、ドラゴンホーク》を使うデッキでよく一緒に使われるカードは？,"card=Dragonhawk, Fate's Tempest"
1303,T4_legal_bare,レガシーで溜め込み屋のアウフはまだ使える？,card=Collector Ouphe（裸の日本語名で問う）
1304,T5_en_question,Memory's Journey はどのフォーマットのどんなデッキで使われてる？,card=Memory's Journey
1305,T9_comma,スタンダードで《夜明けの空、猗旺》と一緒によく使われるカードは？,"card=Ao, the Dawn Sky（読点入り）"
1306,T2_partner_ja,プレモダンで《クローサの拳カマール》と一緒に入るカードは？,"card=Kamahl, Fist of Krosa"
1307,T3_edh_partner,統率者戦で《原初の嵐、エターリ》を使うデッキでよく一緒に使われるカードは？,"card=Etali, Primal Storm"
1308,T4_legal_bare,プレモダンでクローサの拳カマールはまだ使える？,"card=Kamahl, Fist of Krosa（裸の日本語名で問う）"
1309,T5_en_question,Hex Magic はどのフォーマットのどんなデッキで使われてる？,card=Hex Magic
1310,T9_comma,レガシーで《冷酷な船長、テゼレット》と一緒によく使われるカードは？,"card=Tezzeret, Cruel Captain（読点入り）"
1311,T2_partner_ja,パウパーで《中休み》と一緒に入るカードは？,card=Respite
1312,T3_edh_partner,統率者戦で《魅惑の悪漢、マルコム》を使うデッキでよく一緒に使われるカードは？,"card=Malcolm, Alluring Scoundrel"
1313,T4_legal_bare,プレモダンで翻弄する魔道士はまだ使える？,card=Meddling Mage（裸の日本語名で問う）
1314,T5_en_question,Amped Raptor はどのフォーマットのどんなデッキで使われてる？,card=Amped Raptor
1315,T9_comma,パイオニアで《策謀の予見者、ラフィーン》と一緒によく使われるカードは？,"card=Raffine, Scheming Seer（読点入り）"
1316,T2_partner_ja,レガシーで《最後の審判》と一緒に入るカードは？,card=Doomsday
1317,T3_edh_partner,統率者戦で《太陽の執事長、インティ》を使うデッキでよく一緒に使われるカードは？,"card=Inti, Seneschal of the Sun"
1318,T4_legal_bare,スタンダードで腹黒茸はまだ使える？,card=Insidious Fungus（裸の日本語名で問う）
1319,T5_en_question,Deranged Hermit はどのフォーマットのどんなデッキで使われてる？,card=Deranged Hermit
1320,T9_comma,ヴィンテージで《覆いを割く者、ナーセット》と一緒によく使われるカードは？,"card=Narset, Parter of Veils（読点入り）"
1321,T2_partner_ja,パイオニアで《大渦の脈動》と一緒に入るカードは？,card=Maelstrom Pulse
1322,T3_edh_partner,統率者戦で《語りの神、ビルギ // 豊潤の角杯、ハーンフェル》を使うデッキでよく一緒に使われるカードは？,"card=Birgi, God of Storytelling // Harnfel, Horn of Bounty"
1323,T4_legal_bare,パウパーで巧みな回避はまだ使える？,card=Artful Dodge（裸の日本語名で問う）
1324,T5_en_question,Glimpse the Unthinkable はどのフォーマットのどんなデッキで使われてる？,card=Glimpse the Unthinkable
1325,T9_comma,モダンで《精神を刻む者、ジェイス》と一緒によく使われるカードは？,"card=Jace, the Mind Sculptor（読点入り）"
1326,T2_partner_ja,スタンダードで《星界を呼ぶ者、ゾラリーネ》と一緒に入るカードは？,"card=Zoraline, Cosmos Caller"
1327,T3_edh_partner,統率者戦で《燃えさし爪の使い魔、ケディス》を使うデッキでよく一緒に使われるカードは？,"card=Kediss, Emberclaw Familiar"
1328,T4_legal_bare,レガシーで輪作はまだ使える？,card=Crop Rotation（裸の日本語名で問う）
1329,T5_en_question,Blazing Rootwalla はどのフォーマットのどんなデッキで使われてる？,card=Blazing Rootwalla
1330,T9_comma,スタンダードで《跳ねる春、ベーザ》と一緒によく使われるカードは？,"card=Beza, the Bounding Spring（読点入り）"
1331,T2_partner_ja,プレモダンで《起源》と一緒に入るカードは？,card=Genesis
1332,T3_edh_partner,統率者戦で《ロノムの発掘家、フェルドン》を使うデッキでよく一緒に使われるカードは？,"card=Feldon, Ronom Excavator"
1333,T4_legal_bare,スタンダードで豆の木をのぼれはまだ使える？,card=Up the Beanstalk（裸の日本語名で問う）
1334,T5_en_question,Delighted Halfling はどのフォーマットのどんなデッキで使われてる？,card=Delighted Halfling
1335,T9_comma,スタンダードで《混沌と秩序、マイキーとレオ》と一緒によく使われるカードは？,"card=Mikey & Leo, Chaos & Order（読点入り）"
1336,T2_partner_ja,プレモダンで《蒸気の連鎖》と一緒に入るカードは？,card=Chain of Vapor
1337,T3_edh_partner,統率者戦で《絶え間ない飢餓、ウラモグ》を使うデッキでよく一緒に使われるカードは？,"card=Ulamog, the Ceaseless Hunger"
1338,T4_legal_bare,スタンダードで失われし伝承の歩哨はまだ使える？,card=Sentinel of Lost Lore（裸の日本語名で問う）
1339,T5_en_question,Consider はどのフォーマットのどんなデッキで使われてる？,card=Consider
1340,T9_comma,モダンで《迷える探求者、梓》と一緒によく使われるカードは？,"card=Azusa, Lost but Seeking（読点入り）"
1341,T2_partner_ja,パイオニアで《一時的封鎖》と一緒に入るカードは？,card=Temporary Lockdown
1342,T3_edh_partner,統率者戦で《星界の大蛇、コーマ》を使うデッキでよく一緒に使われるカードは？,"card=Koma, Cosmos Serpent"
1343,T4_legal_bare,レガシーで三なる宝球はまだ使える？,card=Trinisphere（裸の日本語名で問う）
1344,T5_en_question,"Leatherhead, Swamp Stalker はどのフォーマットのどんなデッキで使われてる？","card=Leatherhead, Swamp Stalker"
1345,T9_comma,モダンで《約束された終末、エムラクール》と一緒によく使われるカードは？,"card=Emrakul, the Promised End（読点入り）"
1346,T2_partner_ja,パイオニアで《無謀な怒り》と一緒に入るカードは？,card=Reckless Rage
1347,T3_edh_partner,統率者戦で《暴走魔導士、デリーナ》を使うデッキでよく一緒に使われるカードは？,"card=Delina, Wild Mage"
1348,T4_legal_bare,パイオニアで時間への侵入はまだ使える？,card=Temporal Trespass（裸の日本語名で問う）
1349,T5_en_question,Oliphaunt はどのフォーマットのどんなデッキで使われてる？,card=Oliphaunt
1350,T9_comma,モダンで《トラブルメーカー、ラフとマイキー》と一緒によく使われるカードは？,"card=Raph & Mikey, Troublemakers（読点入り）"
1351,T2_partner_ja,モダンで《メムナイト》と一緒に入るカードは？,card=Memnite
1352,T3_edh_partner,統率者戦で《とっつぁん》を使うデッキでよく一緒に使われるカードは？,card=The Gaffer
1353,T4_legal_bare,パウパーで神秘の指導はまだ使える？,card=Mystical Teachings（裸の日本語名で問う）
1354,T5_en_question,"Emry, Lurker of the Loch はどのフォーマットのどんなデッキで使われてる？","card=Emry, Lurker of the Loch"
1355,T9_comma,スタンダードで《光砕く者、テルサ》と一緒によく使われるカードは？,card=Tersa Lightshatter（読点入り）
1356,T2_partner_ja,パウパーで《怨恨》と一緒に入るカードは？,card=Rancor
1357,T3_edh_partner,統率者戦で《堕落した庄察頭、ロソ》を使うデッキでよく一緒に使われるカードは？,"card=Lotho, Corrupt Shirriff"
1358,T4_legal_bare,プレモダンでパララクスの潮流はまだ使える？,card=Parallax Tide（裸の日本語名で問う）
1359,T5_en_question,Molten Collapse はどのフォーマットのどんなデッキで使われてる？,card=Molten Collapse
1360,T9_comma,ヴィンテージで《アゾリウスの造反者、ラヴィニア》と一緒によく使われるカードは？,"card=Lavinia, Azorius Renegade（読点入り）"
1361,T2_partner_ja,レガシーで《瞬唱の魔道士》と一緒に入るカードは？,card=Snapcaster Mage
1362,T3_edh_partner,統率者戦で《コーヴェクダル、エラダムリー》を使うデッキでよく一緒に使われるカードは？,"card=Eladamri, Korvecdal"
1363,T4_legal_bare,レガシーでオアリムの詠唱はまだ使える？,card=Orim's Chant（裸の日本語名で問う）
1364,T5_en_question,Town Greeter はどのフォーマットのどんなデッキで使われてる？,card=Town Greeter
1365,T9_comma,モダンで《悪夢滅ぼし、魁渡》と一緒によく使われるカードは？,"card=Kaito, Bane of Nightmares（読点入り）"
1366,T2_partner_ja,レガシーで《極楽鳥》と一緒に入るカードは？,card=Birds of Paradise
1367,T3_edh_partner,統率者戦で《絶え間ない飢餓、ウラモグ》を使うデッキでよく一緒に使われるカードは？,"card=Ulamog, the Ceaseless Hunger"
1368,T4_legal_bare,スタンダードで脱走はまだ使える？,card=Break Out（裸の日本語名で問う）
1369,T5_en_question,"Beza, the Bounding Spring はどのフォーマットのどんなデッキで使われてる？","card=Beza, the Bounding Spring"
1370,T9_comma,モダンで《マルコフ家のソリン》と一緒によく使われるカードは？,"card=Sorin of House Markov // Sorin, Ravenous Neonate（読点入り）"
1371,T2_partner_ja,モダンで《睡蓮の花》と一緒に入るカードは？,card=Lotus Bloom
1372,T3_edh_partner,統率者戦で《虐殺少女》を使うデッキでよく一緒に使われるカードは？,card=Massacre Girl
1373,T4_legal_bare,モダンでウィザーブルームの魔除けはまだ使える？,card=Witherbloom Charm（裸の日本語名で問う）
1374,T5_en_question,Jeskai Revelation はどのフォーマットのどんなデッキで使われてる？,card=Jeskai Revelation
1375,T9_comma,レガシーで《光に導かれし者、ハリーヤ》と一緒によく使われるカードは？,"card=Haliya, Guided by Light（読点入り）"
1376,T2_partner_ja,パウパーで《成長のらせん》と一緒に入るカードは？,card=Growth Spiral
1377,T3_edh_partner,統率者戦で《ジェニファー・ウォルターズ // センセーショナル・シーハルク》を使うデッキでよく一緒に使われるカードは？,card=Jennifer Walters // The Sensational She-Hulk
1378,T4_legal_bare,モダンでアナグマモグラの仔はまだ使える？,card=Badgermole Cub（裸の日本語名で問う）
1379,T5_en_question,Ramosian Sergeant はどのフォーマットのどんなデッキで使われてる？,card=Ramosian Sergeant
1380,T9_comma,パイオニアで《覆いを割く者、ナーセット》と一緒によく使われるカードは？,"card=Narset, Parter of Veils（読点入り）"
1381,T2_partner_ja,モダンで《無謀なる歓喜の行進》と一緒に入るカードは？,card=March of Reckless Joy
1382,T3_edh_partner,統率者戦で《年老いた骨齧り》を使うデッキでよく一緒に使われるカードは？,card=Old Gnawbone
1383,T4_legal_bare,プレモダンで踏査はまだ使える？,card=Exploration（裸の日本語名で問う）
1384,T5_en_question,Phyrexian Devourer はどのフォーマットのどんなデッキで使われてる？,card=Phyrexian Devourer（日本語版なし）
1385,T9_comma,パイオニアで《光に導かれし者、ハリーヤ》と一緒によく使われるカードは？,"card=Haliya, Guided by Light（読点入り）"
1386,T2_partner_ja,スタンダードで《白昼夢》と一緒に入るカードは？,card=Daydream
1387,T3_edh_partner,統率者戦で《野生の心、セルヴァラ》を使うデッキでよく一緒に使われるカードは？,"card=Selvala, Heart of the Wilds"
1388,T4_legal_bare,パウパーで古きクローサの力はまだ使える？,card=Might of Old Krosa（裸の日本語名で問う）
1389,T5_en_question,Twinmaw Stormbrood // Charring Bite はどのフォーマットのどんなデッキで使われてる？,card=Twinmaw Stormbrood // Charring Bite（日本語版なし）
1390,T9_comma,スタンダードで《星界を呼ぶ者、ゾラリーネ》と一緒によく使われるカードは？,"card=Zoraline, Cosmos Caller（読点入り）"
1391,T2_partner_ja,パイオニアで《名もなき都市の歩哨》と一緒に入るカードは？,card=Sentinel of the Nameless City
1392,T3_edh_partner,統率者戦で《巨大猿、コグラ》を使うデッキでよく一緒に使われるカードは？,"card=Kogla, the Titan Ape"
1393,T4_legal_bare,パウパーで墓の刈り取りはまだ使える？,card=Reaping the Graves（裸の日本語名で問う）
1394,T5_en_question,Bramble Wurm はどのフォーマットのどんなデッキで使われてる？,card=Bramble Wurm
1395,T2_partner_ja,パウパーで《斧折りの守護者》と一緒に入るカードは？,card=Axebane Guardian
1396,T3_edh_partner,統率者戦で《威名のソルジャー、セフィロス // 片翼の天使、セフィロス》を使うデッキでよく一緒に使われるカードは？,"card=Sephiroth, Fabled SOLDIER // Sephiroth, One-Winged Angel"
1397,T4_legal_bare,プレモダンで溶岩の投げ矢はまだ使える？,card=Lava Dart（裸の日本語名で問う）
1398,T5_en_question,Transmute Artifact はどのフォーマットのどんなデッキで使われてる？,card=Transmute Artifact（日本語版なし）
1399,T2_partner_ja,パイオニアで《秋の騎士》と一緒に入るカードは？,card=Knight of Autumn
1400,T3_edh_partner,統率者戦で《湖に潜む者、エムリー》を使うデッキでよく一緒に使われるカードは？,"card=Emry, Lurker of the Loch"
